timestamp,lat,lon,altitude_m,speed_mps,heading_deg
0.0,18.088694842806046,75.0000043197947,500.0,10.0,0.0
0.1,18.088730733317625,75.00001063870708,500.0,10.0,0.0
0.2,18.088709365115893,74.99997234132017,500.0,10.0,0.0
0.3,18.08873177084515,75.00000181231853,500.0,10.0,0.0
0.4,18.088733531537947,74.99999976181982,500.0,10.0,0.0
0.5,18.088764680698517,75.00001246671245,500.0,10.0,0.0
0.6,18.088778457031452,75.00000093607879,500.0,10.0,0.0
0.7,18.088760562491885,75.00000662760725,500.0,10.0,0.0
0.8,18.08876825082212,75.00000522756501,500.0,10.0,0.0
0.9,18.088789612863735,75.00001245327958,500.0,10.0,0.0
1.0,18.088790096377647,74.99999737931367,500.0,10.0,0.0
1.1,18.08880627177906,75.00001733125995,500.0,10.0,0.0
1.2,18.08881263125317,74.99999392784451,500.0,10.0,0.0
1.3,18.088831398609006,75.00000754623987,500.0,10.0,0.0
1.4,18.088841323535632,75.00000585107217,500.0,10.0,0.0
1.5,18.08883901098216,75.00003036090233,500.0,10.0,0.0
1.6,18.08884252665248,74.99999273823025,500.0,10.0,0.0
1.7,18.088877904625992,75.00000873238679,500.0,10.0,0.0
1.8,18.088860246059685,74.99999838463245,500.0,10.0,0.0
1.9,18.088889495948898,74.99998831180218,500.0,10.0,0.0
2.0,18.088897077871984,75.000010536689,500.0,10.0,0.0
2.1,18.088901900037712,74.99999056544951,500.0,10.0,0.0
2.2,18.088910755933675,75.00000165418807,500.0,10.0,0.0
2.3,18.08891986101767,75.00001235374864,500.0,10.0,0.0
2.4,18.088926784328855,75.00000962457065,500.0,10.0,0.0
2.5,18.088943465561524,75.00000409868132,500.0,10.0,0.0
2.6,18.088939611165905,74.99997934273094,500.0,10.0,0.0
2.7,18.088944321972743,74.99999333179431,500.0,10.0,0.0
2.8,18.088982290497658,74.9999960994639,500.0,10.0,0.0
2.9,18.08898418864451,74.99998772560176,500.0,10.0,0.0
3.0,18.088975559125938,74.99997614290778,500.0,10.0,0.0
3.1,18.088997085905685,75.00000230725836,500.0,10.0,0.0
3.2,18.089008932627355,75.00001008265856,500.0,10.0,0.0
3.3,18.08900094662401,74.99999505632132,500.0,10.0,0.0
3.4,18.089013659997175,75.00001216304108,500.0,10.0,0.0
3.5,18.089009927304804,74.99998191531354,500.0,10.0,0.0
3.6,18.089041071206143,74.99998696544053,500.0,10.0,0.0
3.7,18.089052730826324,75.00000201908993,500.0,10.0,0.0
3.8,18.08905455735137,74.99999394307835,500.0,10.0,0.0
3.9,18.08905725238359,75.00000886864503,500.0,10.0,0.0
4.0,18.08906151072697,75.00000647544715,500.0,10.0,0.0
4.1,18.089074348026884,74.99999485318824,500.0,10.0,0.0
4.2,18.089095164414587,74.99998304724673,500.0,10.0,0.0
4.3,18.08909777007251,74.99999334554411,500.0,10.0,0.0
4.4,18.08911269323179,75.00000681527857,500.0,10.0,0.0
4.5,18.089114342542373,75.0000094327955,500.0,10.0,0.0
4.6,18.089123635542652,74.9999939991344,500.0,10.0,0.0
4.7,18.089114135192283,74.99997607959601,500.0,10.0,0.0
4.8,18.08912927295349,74.99998124881994,500.0,10.0,0.0
4.9,18.089139555683136,75.0000056673782,500.0,10.0,0.0
5.0,18.089178485297634,74.99999463899736,500.0,10.0,0.0
5.1,18.08917990824578,74.99999494944149,500.0,10.0,0.0
5.2,18.08917616239923,74.99998676461556,500.0,10.0,0.0
5.3,18.089183389689747,74.99998653205921,500.0,10.0,0.0
5.4,18.089173606075924,75.0000119125862,500.0,10.0,0.0
5.5,18.089209286537464,75.00000615858626,500.0,10.0,0.0
5.6,18.089195496500487,74.99999157706189,500.0,10.0,0.0
5.7,18.089216961695858,75.00000102254062,500.0,10.0,0.0
5.8,18.08923347529466,75.00000329852378,500.0,10.0,0.0
5.9,18.089238972437986,75.0000227075466,500.0,10.0,0.0
6.0,18.089253686728625,74.99998549043251,500.0,10.0,0.0
6.1,18.08927872233649,75.00000311877382,500.0,10.0,0.0
6.2,18.089274171651013,75.00001183891949,500.0,10.0,0.0
6.3,18.089262254754992,75.00002074445054,500.0,10.0,0.0
6.4,18.089274848001814,74.99999093058926,500.0,10.0,0.0
6.5,18.089277784038618,74.9999944738776,500.0,10.0,0.0
6.6,18.08930247461935,75.00000900419215,500.0,10.0,0.0
6.7,18.08930075698021,74.99997914917326,500.0,10.0,0.0
6.8,18.08933492777211,75.00000444451742,500.0,10.0,0.0
6.9,18.089372108810142,75.00002830658728,500.0,10.0,0.0
7.0,18.089328225709366,75.00000587485972,500.0,10.0,0.0
7.1,18.089354309845184,74.9999697751218,500.0,10.0,0.0
7.2,18.089354087470852,74.99998847536952,500.0,10.0,0.0
7.3,18.089366848552764,74.9999913226309,500.0,10.0,0.0
7.4,18.089379925166682,75.000015111833,500.0,10.0,0.0
7.5,18.089372793262957,74.99999775111866,500.0,10.0,0.0
7.6,18.089389279757807,74.99997625891214,500.0,10.0,0.0
7.7,18.08942888089865,74.99999923755327,500.0,10.0,0.0
7.8,18.089427273973456,75.00000184683289,500.0,10.0,0.0
7.9,18.089406923438702,74.99999292175161,500.0,10.0,0.0
8.0,18.08942219477109,74.99998631805131,500.0,10.0,0.0
8.1,18.08942992959578,75.00003017418834,500.0,10.0,0.0
8.2,18.089437862641443,75.00001188681797,500.0,10.0,0.0
8.3,18.08946436203613,75.0000132064199,500.0,10.0,0.0
8.4,18.089467628839785,74.999997779427,500.0,10.0,0.0
8.5,18.08948326782036,74.99999071741877,500.0,10.0,0.0
8.6,18.089469642043806,74.99999354993867,500.0,10.0,0.0
8.7,18.089497637077525,74.99998188334875,500.0,10.0,0.0
8.8,18.089506504854658,75.0000223859503,500.0,10.0,0.0
8.9,18.08951724945577,74.99999831812644,500.0,10.0,0.0
9.0,18.089525387179222,75.00001851450516,500.0,10.0,0.0
9.1,18.089546450263523,74.9999941744984,500.0,10.0,0.0
9.2,18.089561311465857,75.00000607825753,500.0,10.0,0.0
9.3,18.089532927348817,75.00000259761912,500.0,10.0,0.0
9.4,18.08958095005928,74.99998060431491,500.0,10.0,0.0
9.5,18.089565171715964,75.00002443551494,500.0,10.0,0.0
9.6,18.089596458184626,74.99999456775113,500.0,10.0,0.0
9.7,18.089573552160275,74.9999843059868,500.0,10.0,0.0
9.8,18.089589371286543,75.00000912011156,500.0,10.0,0.0
9.9,18.08960154390195,74.99999992738994,500.0,10.0,0.0
10.0,18.08963188079527,75.00000478562112,500.0,10.0,0.0
10.1,18.089630567361148,75.00000128417572,500.0,10.0,0.0
10.2,18.089630214983686,74.99997093576275,500.0,10.0,0.0
10.3,18.08962338959231,74.99998804595786,500.0,10.0,0.0
10.4,18.08964442262343,74.99998755088376,500.0,10.0,0.0
10.5,18.089640008157225,75.00001298428081,500.0,10.0,0.0
10.6,18.089660465437245,75.00000043424703,500.0,10.0,0.0
10.7,18.0896896635062,74.99999535474521,500.0,10.0,0.0
10.8,18.08970323905951,75.00000762858943,500.0,10.0,0.0
10.9,18.089684709919705,74.99999780965163,500.0,10.0,0.0
11.0,18.089706471681342,74.99999682646713,500.0,10.0,0.0
11.1,18.089697520552633,75.0000025031908,500.0,10.0,0.0
11.2,18.089724355343904,75.00000128282785,500.0,10.0,0.0
11.3,18.08975574556234,75.00003568896229,500.0,10.0,0.0
11.4,18.089735441877767,74.9999879039999,500.0,10.0,0.0
11.5,18.089740368021282,74.99997925352118,500.0,10.0,0.0
11.6,18.089773764049,75.00000447417374,500.0,10.0,0.0
11.7,18.08975758503282,74.99998966414532,500.0,10.0,0.0
11.8,18.089773286997886,74.99996955896124,500.0,10.0,0.0
11.9,18.089777352901347,74.9999849386838,500.0,10.0,0.0
12.0,18.089792291513206,74.99998756918355,500.0,10.0,0.0
12.1,18.089782718108243,74.99997508156554,500.0,10.0,0.0
12.2,18.08979419195765,75.00003018527113,500.0,10.0,0.0
12.3,18.08984558974507,74.99998445141502,500.0,10.0,0.0
12.4,18.08981383982317,75.00004118368857,500.0,10.0,0.0
12.5,18.089843393042436,74.99999477951731,500.0,10.0,0.0
12.6,18.089834421199168,75.0000245068873,500.0,10.0,0.0
12.7,18.08986737841444,74.99999652281724,500.0,10.0,0.0
12.8,18.08986077809509,75.00000616346348,500.0,10.0,0.0
12.9,18.089856275903696,74.99999810285811,500.0,10.0,0.0
13.0,18.089880343431023,74.99999662352833,500.0,10.0,0.0
13.1,18.089885464590044,75.00000329135808,500.0,10.0,0.0
13.2,18.08991576241252,75.00000668477034,500.0,10.0,0.0
13.3,18.089915839790667,75.00000220344535,500.0,10.0,0.0
13.4,18.089920110435777,75.00000075355732,500.0,10.0,0.0
13.5,18.089933438823664,74.99998977082466,500.0,10.0,0.0
13.6,18.089966565230874,74.99999862081522,500.0,10.0,0.0
13.7,18.08995245620101,75.00002230468537,500.0,10.0,0.0
13.8,18.089941181624702,74.99998918251066,500.0,10.0,0.0
13.9,18.089968864379987,75.00001688625449,500.0,10.0,0.0
14.0,18.089950687819506,75.00000680675888,500.0,10.0,0.0
14.1,18.089989540136806,75.00001314784595,500.0,10.0,0.0
14.2,18.08998602488214,74.99998425796258,500.0,10.0,0.0
14.3,18.09000216762947,75.00000373859129,500.0,10.0,0.0
14.4,18.090009091772338,74.99999585803022,500.0,10.0,0.0
14.5,18.09002160182191,74.99999642783817,500.0,10.0,0.0
14.6,18.08999377363141,75.00002086062918,500.0,10.0,0.0
14.7,18.090040003642173,74.99999664228761,500.0,10.0,0.0
14.8,18.090041606715833,75.00000419616461,500.0,10.0,0.0
14.9,18.090060134534077,74.99997509579657,500.0,10.0,0.0
